sample_name,protocol,organism,file_accession_1,file_accession_2,read_type,read1,read2,file_format,file_type,output_type,donor(s),biosample_term_id,biosample_term_name,cell_type,biosample_treatments,biosample_treatments_amount,biosample_treatments_duration,biosample_genetic_modifications_methods,library_lysis_method,experiment_date_released,project,library_fragmentation_method,library_size_range,biological_replicate(s),technical_replicate(s),read_length,,lab,dbxrefs,platform,file_status,audit_warning,audit_not_compliant,audit_error
ENCSR012YAB_1,ATAC-seq,Mus musculus,ENCFF058UWO,ENCFF163UHB,paired,R1,R2,fastq,fastq,reads,/mouse-donors/ENCDO956IXV/,UBERON:0002028,hindbrain,tissue,,,,DNA,ATAC buffer,2017-05-10,ENCODE,chemical (Nextera tagmentation),200-750,1,1_1,50,,"Bing Ren, UCSD",SRA:SRR14305084,Illumina HiSeq 4000,released,"moderate TSS enrichment, mild to moderate bottlenecking, moderate library complexity",low FRiP score,
ENCSR012YAB_2,ATAC-seq,Mus musculus,ENCFF753PKM,ENCFF635ZQL,paired,R1,R2,fastq,fastq,reads,/mouse-donors/ENCDO956IXV/,UBERON:0002028,hindbrain,tissue,,,,DNA,ATAC buffer,2017-05-10,ENCODE,chemical (Nextera tagmentation),200-750,2,2_1,50,,"Bing Ren, UCSD",SRA:SRR14305083,Illumina HiSeq 4000,released,"moderate TSS enrichment, mild to moderate bottlenecking, moderate library complexity",low FRiP score,
ENCSR023QZX_1,ATAC-seq,Mus musculus,ENCFF340WOK,ENCFF117TPW,paired,R1,R2,fastq,fastq,reads,/mouse-donors/ENCDO956IXV/,UBERON:0002113,kidney,tissue,,,,DNA,ATAC buffer,2017-05-10,ENCODE,chemical (Nextera tagmentation),200-750,1,1_1,50,,"Bing Ren, UCSD",SRA:SRR14305166,Illumina HiSeq 4000,released,moderate TSS enrichment,low FRiP score,
ENCSR023QZX_2,ATAC-seq,Mus musculus,ENCFF395EDU,ENCFF100YMT,paired,R1,R2,fastq,fastq,reads,/mouse-donors/ENCDO956IXV/,UBERON:0002113,kidney,tissue,,,,DNA,ATAC buffer,2017-05-10,ENCODE,chemical (Nextera tagmentation),200-750,2,2_1,50,,"Bing Ren, UCSD",SRA:SRR14305165,Illumina HiSeq 4000,released,moderate TSS enrichment,low FRiP score,
ENCSR031HDN_1,ATAC-seq,Mus musculus,ENCFF265RFZ,ENCFF547OQI,paired,R1,R2,fastq,fastq,reads,/mouse-donors/ENCDO956IXV/,UBERON:0012314,embryonic facial prominence,tissue,,,,DNA,ATAC buffer,2017-10-10,ENCODE,chemical (Nextera tagmentation),200-750,1,1_1,50,,"Bing Ren, UCSD",SRA:SRR14305187,Illumina HiSeq 4000,released,,"insufficient number of reproducible peaks, insufficient read depth, low TSS enrichment, low FRiP score",
ENCSR031HDN_2,ATAC-seq,Mus musculus,ENCFF492KHX,ENCFF459CPD,paired,R1,R2,fastq,fastq,reads,/mouse-donors/ENCDO956IXV/,UBERON:0012314,embryonic facial prominence,tissue,,,,DNA,ATAC buffer,2017-10-10,ENCODE,chemical (Nextera tagmentation),200-750,2,2_1,50,,"Bing Ren, UCSD",SRA:SRR14305188,Illumina HiSeq 4000,released,,"insufficient number of reproducible peaks, insufficient read depth, low TSS enrichment, low FRiP score",
ENCSR032HKE_1,ATAC-seq,Mus musculus,ENCFF159HYY,ENCFF911HQX,paired,R1,R2,fastq,fastq,reads,/mouse-donors/ENCDO469XMJ/,UBERON:0002107,liver,tissue,,,,DNA,ATAC buffer,2017-10-10,ENCODE,chemical (Nextera tagmentation),200-750,1,1_1,50,,"Bing Ren, UCSD",SRA:SRR14305194,Illumina HiSeq 4000,released,"mild to moderate bottlenecking, moderate number of reproducible peaks, moderate library complexity",insufficient read depth,
ENCSR032HKE_2,ATAC-seq,Mus musculus,ENCFF618OJP,ENCFF863FZP,paired,R1,R2,fastq,fastq,reads,/mouse-donors/ENCDO469XMJ/,UBERON:0002107,liver,tissue,,,,DNA,ATAC buffer,2017-10-10,ENCODE,chemical (Nextera tagmentation),200-750,2,2_1,50,,"Bing Ren, UCSD",SRA:SRR14305195,Illumina HiSeq 4000,released,"mild to moderate bottlenecking, moderate number of reproducible peaks, moderate library complexity",insufficient read depth,
ENCSR068YGC_1,ATAC-seq,Mus musculus,ENCFF826YDW,ENCFF258GFE,paired,R1,R2,fastq,fastq,reads,/mouse-donors/ENCDO469XMJ/,UBERON:0000948,heart,tissue,,,,DNA,ATAC buffer,2017-10-10,ENCODE,chemical (Nextera tagmentation),200-750,1,1_1,50,,"Bing Ren, UCSD",SRA:SRR14305264,Illumina HiSeq 4000,released,"low read depth, moderate TSS enrichment","insufficient read depth, insufficient number of reproducible peaks, low FRiP score",
ENCSR068YGC_2,ATAC-seq,Mus musculus,ENCFF753WMG,ENCFF031SEH,paired,R1,R2,fastq,fastq,reads,/mouse-donors/ENCDO469XMJ/,UBERON:0000948,heart,tissue,,,,DNA,ATAC buffer,2017-10-10,ENCODE,chemical (Nextera tagmentation),200-750,2,2_1,50,,"Bing Ren, UCSD",SRA:SRR14305265,Illumina HiSeq 4000,released,"low read depth, moderate TSS enrichment","insufficient read depth, insufficient number of reproducible peaks, low FRiP score",
ENCSR079GOY_1,ATAC-seq,Mus musculus,ENCFF039HAM,ENCFF780FQW,paired,R1,R2,fastq,fastq,reads,/mouse-donors/ENCDO469XMJ/,UBERON:0000160,intestine,tissue,,,,DNA,ATAC buffer,2017-05-10,ENCODE,chemical (Nextera tagmentation),200-750,1,1_1,50,,"Bing Ren, UCSD",SRA:SRR14305341,Illumina HiSeq 4000,released,"moderate TSS enrichment, mild to moderate bottlenecking, moderate library complexity",,
ENCSR079GOY_2,ATAC-seq,Mus musculus,ENCFF169QUZ,ENCFF742CFJ,paired,R1,R2,fastq,fastq,reads,/mouse-donors/ENCDO469XMJ/,UBERON:0000160,intestine,tissue,,,,DNA,ATAC buffer,2017-05-10,ENCODE,chemical (Nextera tagmentation),200-750,2,2_1,50,,"Bing Ren, UCSD",SRA:SRR14305342,Illumina HiSeq 4000,released,"moderate TSS enrichment, mild to moderate bottlenecking, moderate library complexity",,
ENCSR088UYE_1,ATAC-seq,Mus musculus,ENCFF954MPR,ENCFF824PVC,paired,R1,R2,fastq,fastq,reads,/mouse-donors/ENCDO956IXV/,UBERON:0002028,hindbrain,tissue,,,,DNA,ATAC buffer,2017-05-10,ENCODE,chemical (Nextera tagmentation),200-750,1,1_1,50,,"Bing Ren, UCSD",SRA:SRR14305511,Illumina HiSeq 4000,released,moderate TSS enrichment,low FRiP score,
ENCSR088UYE_2,ATAC-seq,Mus musculus,ENCFF199WNL,ENCFF968KUR,paired,R1,R2,fastq,fastq,reads,/mouse-donors/ENCDO956IXV/,UBERON:0002028,hindbrain,tissue,,,,DNA,ATAC buffer,2017-05-10,ENCODE,chemical (Nextera tagmentation),200-750,2,2_1,50,,"Bing Ren, UCSD",SRA:SRR14305512,Illumina HiSeq 4000,released,moderate TSS enrichment,low FRiP score,
ENCSR096JCC_1,ATAC-seq,Mus musculus,ENCFF458XRA,ENCFF882GWB,paired,R1,R2,fastq,fastq,reads,/mouse-donors/ENCDO956IXV/,UBERON:0001891,midbrain,tissue,,,,DNA,ATAC buffer,2017-05-10,ENCODE,chemical (Nextera tagmentation),200-750,1,1_1,50,,"Bing Ren, UCSD",SRA:SRR14305703,Illumina HiSeq 4000,released,moderate TSS enrichment,,
ENCSR096JCC_2,ATAC-seq,Mus musculus,ENCFF518FPU,ENCFF754FRO,paired,R1,R2,fastq,fastq,reads,/mouse-donors/ENCDO956IXV/,UBERON:0001891,midbrain,tissue,,,,DNA,ATAC buffer,2017-05-10,ENCODE,chemical (Nextera tagmentation),200-750,2,2_1,50,,"Bing Ren, UCSD",SRA:SRR14305704,Illumina HiSeq 4000,released,moderate TSS enrichment,,
ENCSR102NGD_1,ATAC-seq,Mus musculus,ENCFF705BQG,ENCFF269YOD,paired,R1,R2,fastq,fastq,reads,/mouse-donors/ENCDO469XMJ/,UBERON:0002048,lung,tissue,,,,DNA,ATAC buffer,2017-05-10,ENCODE,chemical (Nextera tagmentation),200-750,1,1_1,50,,"Bing Ren, UCSD",SRA:SRR14305714,Illumina HiSeq 4000,released,moderate library complexity,,
ENCSR102NGD_2,ATAC-seq,Mus musculus,ENCFF370OFA,ENCFF150BVC,paired,R1,R2,fastq,fastq,reads,/mouse-donors/ENCDO469XMJ/,UBERON:0002048,lung,tissue,,,,DNA,ATAC buffer,2017-05-10,ENCODE,chemical (Nextera tagmentation),200-750,2,2_1,50,,"Bing Ren, UCSD",SRA:SRR14305715,Illumina HiSeq 4000,released,moderate library complexity,,
ENCSR150EOO_1,ATAC-seq,Mus musculus,ENCFF642UHQ,ENCFF188JXF,paired,R1,R2,fastq,fastq,reads,/mouse-donors/ENCDO469XMJ/,UBERON:0000160,intestine,tissue,,,,DNA,ATAC buffer,2017-10-10,ENCODE,chemical (Nextera tagmentation),200-750,1,1_1,50,,"Ross Hardison, PennState",SRA:SRR14305424,Illumina HiSeq 2000,released,"moderate number of reproducible peaks, moderate TSS enrichment, inconsistent platforms, mild to moderate bottlenecking","severe bottlenecking, poor library complexity, low FRiP score",
ENCSR150EOO_2,ATAC-seq,Mus musculus,ENCFF593JRX,ENCFF243SQC,paired,R1,R2,fastq,fastq,reads,/mouse-donors/ENCDO469XMJ/,UBERON:0000160,intestine,tissue,,,,DNA,ATAC buffer,2017-10-10,ENCODE,chemical (Nextera tagmentation),200-750,2,2_1,50,,"Bing Ren, UCSD",SRA:SRR14305813,Illumina HiSeq 4000,released,"low read depth, moderate TSS enrichment, moderate number of reproducible peaks, moderate library complexity","low TSS enrichment, low FRiP score",
ENCSR150RMQ_1,ATAC-seq,Mus musculus,ENCFF667CEX,ENCFF165UKX,paired,R1,R2,fastq,fastq,reads,/mouse-donors/ENCDO956IXV/,UBERON:0012314,embryonic facial prominence,tissue,,,,DNA,ATAC buffer,2017-10-10,ENCODE,chemical (Nextera tagmentation),200-750,1,1_1,50,,"Bing Ren, UCSD",SRA:SRR14305814,Illumina HiSeq 4000,released,"low read depth, moderate TSS enrichment, moderate number of reproducible peaks, moderate library complexity","low TSS enrichment, low FRiP score",
ENCSR150RMQ_2,ATAC-seq,Mus musculus,ENCFF741MLW,ENCFF460ETY,paired,R1,R2,fastq,fastq,reads,/mouse-donors/ENCDO956IXV/,UBERON:0012314,embryonic facial prominence,tissue,,,,DNA,ATAC buffer,2017-10-10,ENCODE,chemical (Nextera tagmentation),200-750,2,2_1,50,,"Bing Ren, UCSD",SRA:SRR14305823,Illumina HiSeq 4000,released,low read depth,"insufficient number of reproducible peaks, low TSS enrichment, low FRiP score",
ENCSR154BXN_1,ATAC-seq,Mus musculus,ENCFF680STO,ENCFF476NYE,paired,R1,R2,fastq,fastq,reads,/mouse-donors/ENCDO956IXV/,UBERON:0001891,midbrain,tissue,,,,DNA,ATAC buffer,2017-10-10,ENCODE,chemical (Nextera tagmentation),200-750,1,1_1,50,,"Bing Ren, UCSD",SRA:SRR14305824,Illumina HiSeq 4000,released,low read depth,"insufficient number of reproducible peaks, low TSS enrichment, low FRiP score",
ENCSR154BXN_2,ATAC-seq,Mus musculus,ENCFF194BBQ,ENCFF867CGI,paired,R1,R2,fastq,fastq,reads,/mouse-donors/ENCDO956IXV/,UBERON:0001891,midbrain,tissue,,,,DNA,ATAC buffer,2017-10-10,ENCODE,chemical (Nextera tagmentation),200-750,2,2_1,50,,"Bing Ren, UCSD",SRA:SRR14305855,Illumina HiSeq 4000,released,"low read depth, moderate TSS enrichment, moderate library complexity",low FRiP score,
ENCSR176BYZ_1,ATAC-seq,Mus musculus,ENCFF071AXB,ENCFF628CBN,paired,R1,R2,fastq,fastq,reads,/mouse-donors/ENCDO956IXV/,UBERON:0002028,hindbrain,tissue,,,,DNA,ATAC buffer,2017-05-10,ENCODE,chemical (Nextera tagmentation),200-750,1,1_1,50,,"Bing Ren, UCSD",SRA:SRR14305856,Illumina HiSeq 4000,released,"low read depth, moderate TSS enrichment, moderate library complexity",low FRiP score,
ENCSR176BYZ_2,ATAC-seq,Mus musculus,ENCFF331IGF,ENCFF409GTD,paired,R1,R2,fastq,fastq,reads,/mouse-donors/ENCDO956IXV/,UBERON:0002028,hindbrain,tissue,,,,DNA,ATAC buffer,2017-05-10,ENCODE,chemical (Nextera tagmentation),200-750,2,2_1,50,,"Bing Ren, UCSD",SRA:SRR14305946,Illumina HiSeq 4000,released,moderate TSS enrichment,low FRiP score,
ENCSR204ZTY_1,ATAC-seq,Mus musculus,ENCFF629FRA,ENCFF222KJL,paired,R1,R2,fastq,fastq,reads,/mouse-donors/ENCDO956IXV/,UBERON:0002101,limb,tissue,,,,DNA,ATAC buffer,2017-10-10,ENCODE,chemical (Nextera tagmentation),200-750,1,1_1,50,,"Bing Ren, UCSD",SRA:SRR14305945,Illumina HiSeq 4000,released,moderate TSS enrichment,low FRiP score,
ENCSR204ZTY_2,ATAC-seq,Mus musculus,ENCFF488EFS,ENCFF917DTZ,paired,R1,R2,fastq,fastq,reads,/mouse-donors/ENCDO956IXV/,UBERON:0002101,limb,tissue,,,,DNA,ATAC buffer,2017-10-10,ENCODE,chemical (Nextera tagmentation),200-750,2,2_1,50,,"Bing Ren, UCSD",SRA:SRR14306037,Illumina HiSeq 4000,released,"low read depth, moderate TSS enrichment","insufficient number of reproducible peaks, low TSS enrichment, low FRiP score",
ENCSR211OCS_1,ATAC-seq,Mus musculus,ENCFF470CPP,ENCFF073BZO,paired,R1,R2,fastq,fastq,reads,/mouse-donors/ENCDO469XMJ/,UBERON:0001891,midbrain,tissue,,,,DNA,ATAC buffer,2017-10-10,ENCODE,chemical (Nextera tagmentation),200-750,1,1_1,50,,"Bing Ren, UCSD",SRA:SRR14306038,Illumina HiSeq 4000,released,"low read depth, moderate TSS enrichment","insufficient number of reproducible peaks, low TSS enrichment, low FRiP score",
ENCSR211OCS_2,ATAC-seq,Mus musculus,ENCFF713VTW,ENCFF166GCN,paired,R1,R2,fastq,fastq,reads,/mouse-donors/ENCDO469XMJ/,UBERON:0001891,midbrain,tissue,,,,DNA,ATAC buffer,2017-10-10,ENCODE,chemical (Nextera tagmentation),200-750,2,2_1,50,,"Bing Ren, UCSD",SRA:SRR14305431,Illumina HiSeq 4000,released,"moderate TSS enrichment, moderate number of reproducible peaks, mild to moderate bottlenecking, moderate library complexity",low FRiP score,
ENCSR217NOA_1,ATAC-seq,Mus musculus,ENCFF336EQO,ENCFF308AMG,paired,R1,R2,fastq,fastq,reads,/mouse-donors/ENCDO956IXV/,UBERON:0001049,neural tube,tissue,,,,DNA,ATAC buffer,2017-10-10,ENCODE,chemical (Nextera tagmentation),200-750,1,1_1,50,,"Bing Ren, UCSD",SRA:SRR14305430,Illumina HiSeq 4000,released,"moderate TSS enrichment, moderate number of reproducible peaks, mild to moderate bottlenecking, moderate library complexity",low FRiP score,
ENCSR217NOA_2,ATAC-seq,Mus musculus,ENCFF843JWW,ENCFF577DNF,paired,R1,R2,fastq,fastq,reads,/mouse-donors/ENCDO956IXV/,UBERON:0001049,neural tube,tissue,,,,DNA,ATAC buffer,2017-10-10,ENCODE,chemical (Nextera tagmentation),200-750,2,2_1,50,,"Bing Ren, UCSD",SRA:SRR14306095,Illumina HiSeq 4000,released,"low read depth, moderate TSS enrichment, mild to moderate bottlenecking, moderate library complexity",,
ENCSR255XTC_1,ATAC-seq,Mus musculus,ENCFF894ZND,ENCFF788EQO,paired,R1,R2,fastq,fastq,reads,/mouse-donors/ENCDO956IXV/,UBERON:0002107,liver,tissue,,,,DNA,ATAC buffer,2017-10-10,ENCODE,chemical (Nextera tagmentation),200-750,1,1_1,50,,"Bing Ren, UCSD",SRA:SRR14306096,Illumina HiSeq 4000,released,"low read depth, moderate TSS enrichment, mild to moderate bottlenecking, moderate library complexity",,
ENCSR255XTC_2,ATAC-seq,Mus musculus,ENCFF702NAP,ENCFF243ROW,paired,R1,R2,fastq,fastq,reads,/mouse-donors/ENCDO956IXV/,UBERON:0002107,liver,tissue,,,,DNA,ATAC buffer,2017-10-10,ENCODE,chemical (Nextera tagmentation),200-750,2,2_1,50,,"Bing Ren, UCSD",SRA:SRR14305004,Illumina HiSeq 4000,released,"low read depth, mild to moderate bottlenecking, moderate number of reproducible peaks, moderate library complexity",,
ENCSR261ICG_1,ATAC-seq,Mus musculus,ENCFF724ZGT,ENCFF312YEC,paired,R1,R2,fastq,fastq,reads,/mouse-donors/ENCDO956IXV/,UBERON:0012314,embryonic facial prominence,tissue,,,,DNA,ATAC buffer,2017-10-10,ENCODE,chemical (Nextera tagmentation),200-750,1,1_1,50,,"Bing Ren, UCSD",SRA:SRR14305003,Illumina HiSeq 4000,released,"low read depth, mild to moderate bottlenecking, moderate number of reproducible peaks, moderate library complexity",,
ENCSR261ICG_2,ATAC-seq,Mus musculus,ENCFF139WZE,ENCFF322LEO,paired,R1,R2,fastq,fastq,reads,/mouse-donors/ENCDO956IXV/,UBERON:0012314,embryonic facial prominence,tissue,,,,DNA,ATAC buffer,2017-10-10,ENCODE,chemical (Nextera tagmentation),200-750,2,2_1,50,,"Ross Hardison, PennState",SRA:SRR14305032,Illumina HiSeq 2000,released,"moderate TSS enrichment, inconsistent platforms, mild to moderate bottlenecking","severe bottlenecking, poor library complexity",
ENCSR273UFV_1,ATAC-seq,Mus musculus,ENCFF419LDW,ENCFF963YIU,paired,R1,R2,fastq,fastq,reads,/mouse-donors/ENCDO956IXV/,UBERON:0001890,forebrain,tissue,,,,DNA,ATAC buffer,2017-05-10,ENCODE,chemical (Nextera tagmentation),200-750,1,1_1,50,,"Bing Ren, UCSD",SRA:SRR14305069,Illumina HiSeq 4000,released,"low read depth, moderate TSS enrichment","insufficient number of reproducible peaks, low TSS enrichment, low FRiP score",
ENCSR273UFV_2,ATAC-seq,Mus musculus,ENCFF083TDB,ENCFF680UAR,paired,R1,R2,fastq,fastq,reads,/mouse-donors/ENCDO956IXV/,UBERON:0001890,forebrain,tissue,,,,DNA,ATAC buffer,2017-05-10,ENCODE,chemical (Nextera tagmentation),200-750,2,2_1,50,,"Bing Ren, UCSD",SRA:SRR14305068,Illumina HiSeq 4000,released,"low read depth, moderate TSS enrichment","insufficient number of reproducible peaks, low TSS enrichment, low FRiP score",
ENCSR282YTE_1,ATAC-seq,Mus musculus,ENCFF529IDC,ENCFF149EJI,paired,R1,R2,fastq,fastq,reads,/mouse-donors/ENCDO956IXV/,UBERON:0001049,neural tube,tissue,,,,DNA,ATAC buffer,2017-10-10,ENCODE,chemical (Nextera tagmentation),200-750,1,1_1,51,,"Bing Ren, UCSD",SRA:SRR14305099,Illumina HiSeq 4000,released,moderate TSS enrichment,low FRiP score,
ENCSR282YTE_2,ATAC-seq,Mus musculus,ENCFF187AQG,ENCFF994STU,paired,R1,R2,fastq,fastq,reads,/mouse-donors/ENCDO956IXV/,UBERON:0001049,neural tube,tissue,,,,DNA,ATAC buffer,2017-10-10,ENCODE,chemical (Nextera tagmentation),200-750,2,2_1,50,,"Bing Ren, UCSD",SRA:SRR14305100,Illumina HiSeq 4000,released,moderate TSS enrichment,low FRiP score,
ENCSR302LIV_1,ATAC-seq,Mus musculus,ENCFF409BPW,ENCFF016UWL,paired,R1,R2,fastq,fastq,reads,/mouse-donors/ENCDO956IXV/,UBERON:0002107,liver,tissue,,,,DNA,ATAC buffer,2017-05-10,ENCODE,chemical (Nextera tagmentation),200-750,1,1_1,50,,"Bing Ren, UCSD",SRA:SRR14305139,Illumina HiSeq 4000,released,"moderate TSS enrichment, moderate number of reproducible peaks, mild to moderate bottlenecking, moderate library complexity","insufficient read depth, low TSS enrichment, low FRiP score",
ENCSR302LIV_2,ATAC-seq,Mus musculus,ENCFF772GVP,ENCFF987EVS,paired,R1,R2,fastq,fastq,reads,/mouse-donors/ENCDO956IXV/,UBERON:0002107,liver,tissue,,,,DNA,ATAC buffer,2017-05-10,ENCODE,chemical (Nextera tagmentation),200-750,2,2_1,50,,"Bing Ren, UCSD",SRA:SRR14305138,Illumina HiSeq 4000,released,"moderate TSS enrichment, moderate number of reproducible peaks, mild to moderate bottlenecking, moderate library complexity","insufficient read depth, low TSS enrichment, low FRiP score",
ENCSR310MLB_1,ATAC-seq,Mus musculus,ENCFF296GZG,ENCFF664RZO,paired,R1,R2,fastq,fastq,reads,/mouse-donors/ENCDO469XMJ/,UBERON:0001890,forebrain,tissue,,,,DNA,ATAC buffer,2017-05-10,ENCODE,chemical (Nextera tagmentation),200-750,1,1_1,50,,"Bing Ren, UCSD",SRA:SRR14305281,Illumina HiSeq 4000,released,"mild to moderate bottlenecking, moderate number of reproducible peaks, moderate library complexity",,
ENCSR310MLB_2,ATAC-seq,Mus musculus,ENCFF197GTC,ENCFF209GGJ,paired,R1,R2,fastq,fastq,reads,/mouse-donors/ENCDO469XMJ/,UBERON:0001890,forebrain,tissue,,,,DNA,ATAC buffer,2017-05-10,ENCODE,chemical (Nextera tagmentation),200-750,2,2_1,50,,"Bing Ren, UCSD",SRA:SRR14305280,Illumina HiSeq 4000,released,"mild to moderate bottlenecking, moderate number of reproducible peaks, moderate library complexity",,
ENCSR312LQX_1,ATAC-seq,Mus musculus,ENCFF547YID,ENCFF131VHT,paired,R1,R2,fastq,fastq,reads,/mouse-donors/ENCDO469XMJ/,UBERON:0002028,hindbrain,tissue,,,,DNA,ATAC buffer,2017-05-10,ENCODE,chemical (Nextera tagmentation),200-750,1,1_1,50,,"Bing Ren, UCSD",SRA:SRR14305323,Illumina HiSeq 4000,released,"mild to moderate bottlenecking, moderate library complexity",,
ENCSR312LQX_2,ATAC-seq,Mus musculus,ENCFF971XEA,ENCFF215WAD,paired,R1,R2,fastq,fastq,reads,/mouse-donors/ENCDO469XMJ/,UBERON:0002028,hindbrain,tissue,,,,DNA,ATAC buffer,2017-05-10,ENCODE,chemical (Nextera tagmentation),200-750,2,2_1,50,,"Bing Ren, UCSD",SRA:SRR14305324,Illumina HiSeq 4000,released,"mild to moderate bottlenecking, moderate library complexity",,
ENCSR335VJW_1,ATAC-seq,Mus musculus,ENCFF979DGG,ENCFF244BWB,paired,R1,R2,fastq,fastq,reads,/mouse-donors/ENCDO469XMJ/,UBERON:0002048,lung,tissue,,,,DNA,ATAC buffer,2017-10-10,ENCODE,chemical (Nextera tagmentation),200-750,1,1_1,50,,"Bing Ren, UCSD",SRA:SRR14305347,Illumina HiSeq 4000,released,"moderate TSS enrichment, mild to moderate bottlenecking, moderate library complexity",,
ENCSR335VJW_2,ATAC-seq,Mus musculus,ENCFF204EVA,ENCFF437GNH,paired,R1,R2,fastq,fastq,reads,/mouse-donors/ENCDO469XMJ/,UBERON:0002048,lung,tissue,,,,DNA,ATAC buffer,2017-10-10,ENCODE,chemical (Nextera tagmentation),200-750,2,2_1,50,,"Bing Ren, UCSD",SRA:SRR14305348,Illumina HiSeq 4000,released,"moderate TSS enrichment, mild to moderate bottlenecking, moderate library complexity",,
ENCSR343TXK_1,ATAC-seq,Mus musculus,ENCFF382CMV,ENCFF688ZFD,paired,R1,R2,fastq,fastq,reads,/mouse-donors/ENCDO956IXV/,UBERON:0002107,liver,tissue,,,,DNA,ATAC buffer,2017-10-10,ENCODE,chemical (Nextera tagmentation),200-750,1,1_1,50,,"Bing Ren, UCSD",SRA:SRR14305383,Illumina HiSeq 4000,released,"moderate TSS enrichment, mild to moderate bottlenecking, moderate library complexity",insufficient read depth,
ENCSR343TXK_2,ATAC-seq,Mus musculus,ENCFF360MVK,ENCFF443PRW,paired,R1,R2,fastq,fastq,reads,/mouse-donors/ENCDO956IXV/,UBERON:0002107,liver,tissue,,,,DNA,ATAC buffer,2017-10-10,ENCODE,chemical (Nextera tagmentation),200-750,2,2_1,50,,"Bing Ren, UCSD",SRA:SRR14305382,Illumina HiSeq 4000,released,"moderate TSS enrichment, mild to moderate bottlenecking, moderate library complexity",insufficient read depth,
ENCSR358MOW_1,ATAC-seq,Mus musculus,ENCFF166ANK,ENCFF512CMK,paired,R1,R2,fastq,fastq,reads,/mouse-donors/ENCDO956IXV/,UBERON:0012314,embryonic facial prominence,tissue,,,,DNA,ATAC buffer,2017-10-10,ENCODE,chemical (Nextera tagmentation),200-750,1,1_1,50,,"Bing Ren, UCSD",SRA:SRR14305709,Illumina HiSeq 4000,released,"low read depth, mild to moderate bottlenecking, moderate number of reproducible peaks, moderate library complexity",,
ENCSR358MOW_2,ATAC-seq,Mus musculus,ENCFF104GCO,ENCFF737HFT,paired,R1,R2,fastq,fastq,reads,/mouse-donors/ENCDO956IXV/,UBERON:0012314,embryonic facial prominence,tissue,,,,DNA,ATAC buffer,2017-10-10,ENCODE,chemical (Nextera tagmentation),200-750,2,2_1,50,,"Bing Ren, UCSD",SRA:SRR14305708,Illumina HiSeq 4000,released,"low read depth, mild to moderate bottlenecking, moderate number of reproducible peaks, moderate library complexity",,
ENCSR363SKQ_1,ATAC-seq,Mus musculus,ENCFF310DVL,ENCFF545MGJ,paired,R1,R2,fastq,fastq,reads,/mouse-donors/ENCDO956IXV/,UBERON:0000945,stomach,tissue,,,,DNA,ATAC buffer,2017-10-10,ENCODE,chemical (Nextera tagmentation),200-750,1,1_1,50,,"Bing Ren, UCSD",SRA:SRR14305783,Illumina HiSeq 4000,released,low read depth,"insufficient number of reproducible peaks, insufficient read depth, low TSS enrichment, low FRiP score",
ENCSR363SKQ_2,ATAC-seq,Mus musculus,ENCFF836EJZ,ENCFF528WNO,paired,R1,R2,fastq,fastq,reads,/mouse-donors/ENCDO956IXV/,UBERON:0000945,stomach,tissue,,,,DNA,ATAC buffer,2017-10-10,ENCODE,chemical (Nextera tagmentation),200-750,2,2_1,50,,"Bing Ren, UCSD",SRA:SRR14305784,Illumina HiSeq 4000,released,low read depth,"insufficient number of reproducible peaks, insufficient read depth, low TSS enrichment, low FRiP score",
ENCSR371KFW_1,ATAC-seq,Mus musculus,ENCFF416BZL,ENCFF473REG,paired,R1,R2,fastq,fastq,reads,/mouse-donors/ENCDO956IXV/,UBERON:0000948,heart,tissue,,,,DNA,ATAC buffer,2017-10-10,ENCODE,chemical (Nextera tagmentation),200-750,1,1_1,50,,"Bing Ren, UCSD",SRA:SRR14305797,Illumina HiSeq 4000,released,"moderate TSS enrichment, moderate number of reproducible peaks","insufficient read depth, low FRiP score",
ENCSR371KFW_2,ATAC-seq,Mus musculus,ENCFF304CCF,ENCFF778FWU,paired,R1,R2,fastq,fastq,reads,/mouse-donors/ENCDO956IXV/,UBERON:0000948,heart,tissue,,,,DNA,ATAC buffer,2017-10-10,ENCODE,chemical (Nextera tagmentation),200-750,2,2_1,50,,"Bing Ren, UCSD",SRA:SRR14305796,Illumina HiSeq 4000,released,"moderate TSS enrichment, moderate number of reproducible peaks","insufficient read depth, low FRiP score",
ENCSR377YDY_1,ATAC-seq,Mus musculus,ENCFF156CTY,ENCFF507XBJ,paired,R1,R2,fastq,fastq,reads,/mouse-donors/ENCDO956IXV/,UBERON:0002101,limb,tissue,,,,DNA,ATAC buffer,2017-10-10,ENCODE,chemical (Nextera tagmentation),200-750,1,1_1,50,,"Ross Hardison, PennState",SRA:SRR14305820,Illumina HiSeq 2000,released,"moderate number of reproducible peaks, mild to moderate bottlenecking, inconsistent platforms","severe bottlenecking, poor library complexity, low TSS enrichment, low FRiP score",
ENCSR377YDY_2,ATAC-seq,Mus musculus,ENCFF332GCF,ENCFF672BYU,paired,R1,R2,fastq,fastq,reads,/mouse-donors/ENCDO956IXV/,UBERON:0002101,limb,tissue,,,,DNA,ATAC buffer,2017-10-10,ENCODE,chemical (Nextera tagmentation),200-750,2,2_1,50,,"Bing Ren, UCSD",SRA:SRR14305397,Illumina HiSeq 4000,released,moderate number of reproducible peaks,"insufficient read depth, low FRiP score",extremely low read depth
ENCSR382RUC_1,ATAC-seq,Mus musculus,ENCFF747ZCB,ENCFF236CXJ,paired,R1,R2,fastq,fastq,reads,/mouse-donors/ENCDO956IXV/,UBERON:0001891,midbrain,tissue,,,,DNA,ATAC buffer,2017-05-10,ENCODE,chemical (Nextera tagmentation),200-750,1,1_1,50,,"Bing Ren, UCSD",SRA:SRR14305396,Illumina HiSeq 4000,released,moderate number of reproducible peaks,"insufficient read depth, low FRiP score",extremely low read depth
ENCSR382RUC_2,ATAC-seq,Mus musculus,ENCFF315TMY,ENCFF752YLN,paired,R1,R2,fastq,fastq,reads,/mouse-donors/ENCDO956IXV/,UBERON:0001891,midbrain,tissue,,,,DNA,ATAC buffer,2017-05-10,ENCODE,chemical (Nextera tagmentation),200-750,2,2_1,50,,"Bing Ren, UCSD",SRA:SRR14305872,Illumina HiSeq 4000,released,low read depth,"insufficient number of reproducible peaks, low TSS enrichment, low FRiP score",
ENCSR384JBF_1,ATAC-seq,Mus musculus,ENCFF769SYG,ENCFF948TDP,paired,R1,R2,fastq,fastq,reads,/mouse-donors/ENCDO469XMJ/,UBERON:0001891,midbrain,tissue,,,,DNA,ATAC buffer,2017-10-10,ENCODE,chemical (Nextera tagmentation),200-750,1,1_1,50,,"Bing Ren, UCSD",SRA:SRR14305873,Illumina HiSeq 4000,released,low read depth,"insufficient number of reproducible peaks, low TSS enrichment, low FRiP score",
ENCSR384JBF_2,ATAC-seq,Mus musculus,ENCFF227ATX,ENCFF307UMX,paired,R1,R2,fastq,fastq,reads,/mouse-donors/ENCDO469XMJ/,UBERON:0001891,midbrain,tissue,,,,DNA,ATAC buffer,2017-10-10,ENCODE,chemical (Nextera tagmentation),200-750,2,2_1,50,,"Bing Ren, UCSD",SRA:SRR14305929,Illumina HiSeq 4000,released,"moderate TSS enrichment, moderate library complexity",low FRiP score,
ENCSR389CLN_1,ATAC-seq,Mus musculus,ENCFF171RXE,ENCFF144HIW,paired,R1,R2,fastq,fastq,reads,/mouse-donors/ENCDO469XMJ/,UBERON:0002113,kidney,tissue,,,,DNA,ATAC buffer,2017-10-10,ENCODE,chemical (Nextera tagmentation),200-750,1,1_1,50,,"Bing Ren, UCSD",SRA:SRR14305928,Illumina HiSeq 4000,released,"moderate TSS enrichment, moderate library complexity",low FRiP score,
ENCSR389CLN_2,ATAC-seq,Mus musculus,ENCFF763EEB,ENCFF765QFH,paired,R1,R2,fastq,fastq,reads,/mouse-donors/ENCDO469XMJ/,UBERON:0002113,kidney,tissue,,,,DNA,ATAC buffer,2017-10-10,ENCODE,chemical (Nextera tagmentation),200-750,2,2_1,50,,"Bing Ren, UCSD",SRA:SRR14305944,Illumina HiSeq 4000,released,"moderate number of reproducible peaks, moderate library complexity","low TSS enrichment, low FRiP score",
ENCSR451NAE_1,ATAC-seq,Mus musculus,ENCFF655OFT,ENCFF999SZR,paired,R1,R2,fastq,fastq,reads,/mouse-donors/ENCDO469XMJ/,UBERON:0000948,heart,tissue,,,,DNA,ATAC buffer,2017-10-10,ENCODE,chemical (Nextera tagmentation),200-750,1,1_1,50,,"Bing Ren, UCSD",SRA:SRR14305943,Illumina HiSeq 4000,released,"moderate number of reproducible peaks, moderate library complexity","low TSS enrichment, low FRiP score",
ENCSR451NAE_2,ATAC-seq,Mus musculus,ENCFF913PMS,ENCFF483MKX,paired,R1,R2,fastq,fastq,reads,/mouse-donors/ENCDO469XMJ/,UBERON:0000948,heart,tissue,,,,DNA,ATAC buffer,2017-10-10,ENCODE,chemical (Nextera tagmentation),200-750,2,2_1,50,,"Bing Ren, UCSD",SRA:SRR14305974,Illumina HiSeq 4000,released,"low read depth, moderate TSS enrichment, moderate number of reproducible peaks, moderate library complexity",low FRiP score,
ENCSR460BUL_1,ATAC-seq,Mus musculus,ENCFF672EYN,ENCFF981BBK,paired,R1,R2,fastq,fastq,reads,/mouse-donors/ENCDO469XMJ/,UBERON:0002101,limb,tissue,,,,DNA,ATAC buffer,2017-10-10,ENCODE,chemical (Nextera tagmentation),200-750,1,1_1,50,,"Bing Ren, UCSD",SRA:SRR14305973,Illumina HiSeq 4000,released,"low read depth, moderate TSS enrichment, moderate number of reproducible peaks, moderate library complexity",low FRiP score,
ENCSR460BUL_2,ATAC-seq,Mus musculus,ENCFF948NPO,ENCFF634JLT,paired,R1,R2,fastq,fastq,reads,/mouse-donors/ENCDO469XMJ/,UBERON:0002101,limb,tissue,,,,DNA,ATAC buffer,2017-10-10,ENCODE,chemical (Nextera tagmentation),200-750,2,2_1,50,,"Bing Ren, UCSD",SRA:SRR14306115,Illumina HiSeq 4000,released,"low read depth, moderate number of reproducible peaks, moderate library complexity",insufficient read depth,
ENCSR465PYP_1,ATAC-seq,Mus musculus,ENCFF329VCX,ENCFF290ZBP,paired,R1,R2,fastq,fastq,reads,/mouse-donors/ENCDO956IXV/,UBERON:0002107,liver,tissue,,,,DNA,ATAC buffer,2017-10-10,ENCODE,chemical (Nextera tagmentation),200-750,1,1_1,50,,"Bing Ren, UCSD",SRA:SRR14306116,Illumina HiSeq 4000,released,"low read depth, moderate number of reproducible peaks, moderate library complexity",insufficient read depth,
ENCSR465PYP_2,ATAC-seq,Mus musculus,ENCFF341HRL,ENCFF489XAT,paired,R1,R2,fastq,fastq,reads,/mouse-donors/ENCDO956IXV/,UBERON:0002107,liver,tissue,,,,DNA,ATAC buffer,2017-10-10,ENCODE,chemical (Nextera tagmentation),200-750,2,2_1,50,,"Ross Hardison, PennState",SRA:SRR14306140,Illumina NextSeq 500,released,"low read depth, mild to moderate bottlenecking, moderate number of reproducible peaks, moderate TSS enrichment, inconsistent platforms","insufficient read depth, severe bottlenecking, poor library complexity, low FRiP score",
ENCSR468GUI_1,ATAC-seq,Mus musculus,ENCFF187YXW,ENCFF865ZYW,paired,R1,R2,fastq,fastq,reads,/mouse-donors/ENCDO956IXV/,UBERON:0001891,midbrain,tissue,,,,DNA,ATAC buffer,2017-05-10,ENCODE,chemical (Nextera tagmentation),200-750,1,1_1,50,,"Bing Ren, UCSD",SRA:SRR14306150,Illumina HiSeq 4000,released,"low read depth, moderate TSS enrichment, moderate number of reproducible peaks",low FRiP score,
ENCSR468GUI_2,ATAC-seq,Mus musculus,ENCFF267LVT,ENCFF347QTV,paired,R1,R2,fastq,fastq,reads,/mouse-donors/ENCDO956IXV/,UBERON:0001891,midbrain,tissue,,,,DNA,ATAC buffer,2017-05-10,ENCODE,chemical (Nextera tagmentation),200-750,2,2_1,50,,"Bing Ren, UCSD",SRA:SRR14306149,Illumina HiSeq 4000,released,"low read depth, moderate TSS enrichment, moderate number of reproducible peaks",low FRiP score,
ENCSR486XAS_1,ATAC-seq,Mus musculus,ENCFF997AUJ,ENCFF033YBG,paired,R1,R2,fastq,fastq,reads,/mouse-donors/ENCDO956IXV/,UBERON:0000945,stomach,tissue,,,,DNA,ATAC buffer,2017-10-10,ENCODE,chemical (Nextera tagmentation),200-750,1,1_1,50,,"Bing Ren, UCSD",SRA:SRR14306177,Illumina HiSeq 4000,released,"mild to moderate bottlenecking, moderate number of reproducible peaks, moderate library complexity",insufficient read depth,
ENCSR486XAS_2,ATAC-seq,Mus musculus,ENCFF211VPG,ENCFF442KCP,paired,R1,R2,fastq,fastq,reads,/mouse-donors/ENCDO956IXV/,UBERON:0000945,stomach,tissue,,,,DNA,ATAC buffer,2017-10-10,ENCODE,chemical (Nextera tagmentation),200-750,2,2_1,50,,"Bing Ren, UCSD",SRA:SRR14306176,Illumina HiSeq 4000,released,"mild to moderate bottlenecking, moderate number of reproducible peaks, moderate library complexity",insufficient read depth,
ENCSR551WBK_1,ATAC-seq,Mus musculus,ENCFF698GFS,ENCFF110KAU,paired,R1,R2,fastq,fastq,reads,/mouse-donors/ENCDO956IXV/,UBERON:0002101,limb,tissue,,,,DNA,ATAC buffer,2017-10-10,ENCODE,chemical (Nextera tagmentation),200-750,1,1_1,50,,"Bing Ren, UCSD",SRA:SRR14305014,Illumina HiSeq 4000,released,moderate TSS enrichment,,
ENCSR551WBK_2,ATAC-seq,Mus musculus,ENCFF637TUL,ENCFF283VKJ,paired,R1,R2,fastq,fastq,reads,/mouse-donors/ENCDO956IXV/,UBERON:0002101,limb,tissue,,,,DNA,ATAC buffer,2017-10-10,ENCODE,chemical (Nextera tagmentation),200-750,2,2_1,50,,"Bing Ren, UCSD",SRA:SRR14305013,Illumina HiSeq 4000,released,moderate TSS enrichment,,
ENCSR552ABC_1,ATAC-seq,Mus musculus,ENCFF100SXY,ENCFF064NKM,paired,R1,R2,fastq,fastq,reads,/mouse-donors/ENCDO956IXV/,UBERON:0000948,heart,tissue,,,,DNA,ATAC buffer,2017-10-10,ENCODE,chemical (Nextera tagmentation),200-750,1,1_1,50,,"Bing Ren, UCSD",SRA:SRR14305047,Illumina HiSeq 4000,released,"low read depth, moderate TSS enrichment, moderate number of reproducible peaks","insufficient read depth, low FRiP score",
ENCSR552ABC_2,ATAC-seq,Mus musculus,ENCFF406EUS,ENCFF559NSG,paired,R1,R2,fastq,fastq,reads,/mouse-donors/ENCDO956IXV/,UBERON:0000948,heart,tissue,,,,DNA,ATAC buffer,2017-10-10,ENCODE,chemical (Nextera tagmentation),200-750,2,2_1,50,,"Bing Ren, UCSD",SRA:SRR14305048,Illumina HiSeq 4000,released,"low read depth, moderate TSS enrichment, moderate number of reproducible peaks","insufficient read depth, low FRiP score",
ENCSR559FAJ_1,ATAC-seq,Mus musculus,ENCFF413XTH,ENCFF119TXW,paired,R1,R2,fastq,fastq,reads,/mouse-donors/ENCDO956IXV/,UBERON:0001890,forebrain,tissue,,,,DNA,ATAC buffer,2017-05-10,ENCODE,chemical (Nextera tagmentation),200-750,1,1_1,50,,"Bing Ren, UCSD",SRA:SRR14305249,Illumina HiSeq 4000,released,"low read depth, moderate TSS enrichment","insufficient number of reproducible peaks, insufficient read depth, low TSS enrichment, low FRiP score",
ENCSR559FAJ_2,ATAC-seq,Mus musculus,ENCFF199UBT,ENCFF171APM,paired,R1,R2,fastq,fastq,reads,/mouse-donors/ENCDO956IXV/,UBERON:0001890,forebrain,tissue,,,,DNA,ATAC buffer,2017-05-10,ENCODE,chemical (Nextera tagmentation),200-750,2,2_1,50,,"Bing Ren, UCSD",SRA:SRR14305250,Illumina HiSeq 4000,released,"low read depth, moderate TSS enrichment","insufficient number of reproducible peaks, insufficient read depth, low TSS enrichment, low FRiP score",
ENCSR597BGP_1,ATAC-seq,Mus musculus,ENCFF756RRU,ENCFF907CZS,paired,R1,R2,fastq,fastq,reads,/mouse-donors/ENCDO469XMJ/,UBERON:0000945,stomach,tissue,,,,DNA,ATAC buffer,2017-05-10,ENCODE,chemical (Nextera tagmentation),200-750,1,1_1,50,,"Bing Ren, UCSD",SRA:SRR14305263,Illumina HiSeq 4000,released,moderate TSS enrichment,"insufficient number of reproducible peaks, low TSS enrichment, low FRiP score",extremely low read depth
ENCSR597BGP_2,ATAC-seq,Mus musculus,ENCFF550FMX,ENCFF601QOX,paired,R1,R2,fastq,fastq,reads,/mouse-donors/ENCDO469XMJ/,UBERON:0000945,stomach,tissue,,,,DNA,ATAC buffer,2017-05-10,ENCODE,chemical (Nextera tagmentation),200-750,2,2_1,50,,"Bing Ren, UCSD",SRA:SRR14305262,Illumina HiSeq 4000,released,moderate TSS enrichment,"insufficient number of reproducible peaks, low TSS enrichment, low FRiP score",extremely low read depth
ENCSR603MWL_1,ATAC-seq,Mus musculus,ENCFF829XFO,ENCFF694SPD,paired,R1,R2,fastq,fastq,reads,/mouse-donors/ENCDO956IXV/,UBERON:0000948,heart,tissue,,,,DNA,ATAC buffer,2017-10-10,ENCODE,chemical (Nextera tagmentation),200-750,1,1_1,50,,"Barbara Wold, Caltech",SRA:SRR14305272,Illumina HiSeq 2500,released,"mild to moderate bottlenecking, mixed read lengths, moderate library complexity","insufficient number of reproducible peaks, low TSS enrichment, low FRiP score",
ENCSR603MWL_2,ATAC-seq,Mus musculus,ENCFF385WYM,ENCFF051GLX,paired,R1,R2,fastq,fastq,reads,/mouse-donors/ENCDO956IXV/,UBERON:0000948,heart,tissue,,,,DNA,ATAC buffer,2017-10-10,ENCODE,chemical (Nextera tagmentation),200-750,2,2_1,50,,"Barbara Wold, Caltech",SRA:SRR14305271,Illumina HiSeq 2500,released,"mild to moderate bottlenecking, mixed read lengths, moderate library complexity","insufficient number of reproducible peaks, low TSS enrichment, low FRiP score",
ENCSR609OHJ_1,ATAC-seq,Mus musculus,ENCFF599TJR,ENCFF176IZG,paired,R1,R2,fastq,fastq,reads,/mouse-donors/ENCDO469XMJ/,UBERON:0002107,liver,tissue,,,,DNA,ATAC buffer,2017-05-10,ENCODE,chemical (Nextera tagmentation),200-750,1,1_1,50,,"Bing Ren, UCSD",SRA:SRR14305298,Illumina HiSeq 4000,released,moderate TSS enrichment,low FRiP score,
ENCSR609OHJ_2,ATAC-seq,Mus musculus,ENCFF957VLH,ENCFF999IJT,paired,R1,R2,fastq,fastq,reads,/mouse-donors/ENCDO469XMJ/,UBERON:0002107,liver,tissue,,,,DNA,ATAC buffer,2017-05-10,ENCODE,chemical (Nextera tagmentation),200-750,2,2_1,50,,"Bing Ren, UCSD",SRA:SRR14305297,Illumina HiSeq 4000,released,moderate TSS enrichment,low FRiP score,
ENCSR618HDK_1,ATAC-seq,Mus musculus,ENCFF699GSF,ENCFF944CWK,paired,R1,R2,fastq,fastq,reads,/mouse-donors/ENCDO469XMJ/,UBERON:0000945,stomach,tissue,,,,DNA,ATAC buffer,2017-10-10,ENCODE,chemical (Nextera tagmentation),200-750,1,1_1,50,,"Bing Ren, UCSD",SRA:SRR14305392,Illumina HiSeq 4000,released,,"low TSS enrichment, low FRiP score",
ENCSR618HDK_2,ATAC-seq,Mus musculus,ENCFF395TZD,ENCFF395IGM,paired,R1,R2,fastq,fastq,reads,/mouse-donors/ENCDO469XMJ/,UBERON:0000945,stomach,tissue,,,,DNA,ATAC buffer,2017-10-10,ENCODE,chemical (Nextera tagmentation),200-750,2,2_1,50,,"Bing Ren, UCSD",SRA:SRR14305393,Illumina HiSeq 4000,released,,"low TSS enrichment, low FRiP score",
ENCSR623GSD_1,ATAC-seq,Mus musculus,ENCFF568THX,ENCFF196ILN,paired,R1,R2,fastq,fastq,reads,/mouse-donors/ENCDO956IXV/,UBERON:0002028,hindbrain,tissue,,,,DNA,ATAC buffer,2017-05-10,ENCODE,chemical (Nextera tagmentation),200-750,1,1_1,50,,"Bing Ren, UCSD",SRA:SRR14305655,Illumina HiSeq 4000,released,"low read depth, moderate TSS enrichment","insufficient read depth, insufficient number of reproducible peaks, low FRiP score",
ENCSR623GSD_2,ATAC-seq,Mus musculus,ENCFF950API,ENCFF946KOT,paired,R1,R2,fastq,fastq,reads,/mouse-donors/ENCDO956IXV/,UBERON:0002028,hindbrain,tissue,,,,DNA,ATAC buffer,2017-05-10,ENCODE,chemical (Nextera tagmentation),200-750,2,2_1,50,,"Bing Ren, UCSD",SRA:SRR14305654,Illumina HiSeq 4000,released,"low read depth, moderate TSS enrichment","insufficient read depth, insufficient number of reproducible peaks, low FRiP score",
ENCSR627OCR_1,ATAC-seq,Mus musculus,ENCFF577XAL,ENCFF224TAO,paired,R1,R2,fastq,fastq,reads,/mouse-donors/ENCDO956IXV/,UBERON:0002048,lung,tissue,,,,DNA,ATAC buffer,2017-10-10,ENCODE,chemical (Nextera tagmentation),200-750,1,1_1,50,,"Bing Ren, UCSD",SRA:SRR14305717,Illumina HiSeq 4000,released,"mild to moderate bottlenecking, moderate library complexity",,
ENCSR627OCR_2,ATAC-seq,Mus musculus,ENCFF872IZI,ENCFF427HTC,paired,R1,R2,fastq,fastq,reads,/mouse-donors/ENCDO956IXV/,UBERON:0002048,lung,tissue,,,,DNA,ATAC buffer,2017-10-10,ENCODE,chemical (Nextera tagmentation),200-750,2,2_1,50,,"Bing Ren, UCSD",SRA:SRR14305716,Illumina HiSeq 4000,released,"mild to moderate bottlenecking, moderate library complexity",,
ENCSR652CNN_1,ATAC-seq,Mus musculus,ENCFF377YCK,ENCFF982JWB,paired,R1,R2,fastq,fastq,reads,/mouse-donors/ENCDO956IXV/,UBERON:0000948,heart,tissue,,,,DNA,ATAC buffer,2017-10-10,ENCODE,chemical (Nextera tagmentation),200-750,1,1_1,50,,"Bing Ren, UCSD",SRA:SRR14305464,Illumina HiSeq 4000,released,"low read depth, moderate TSS enrichment","insufficient read depth, insufficient number of reproducible peaks, low FRiP score",
ENCSR652CNN_2,ATAC-seq,Mus musculus,ENCFF719RSO,ENCFF086MTT,paired,R1,R2,fastq,fastq,reads,/mouse-donors/ENCDO956IXV/,UBERON:0000948,heart,tissue,,,,DNA,ATAC buffer,2017-10-10,ENCODE,chemical (Nextera tagmentation),200-750,2,2_1,50,,"Bing Ren, UCSD",SRA:SRR14305463,Illumina HiSeq 4000,released,"low read depth, moderate TSS enrichment","insufficient read depth, insufficient number of reproducible peaks, low FRiP score",
ENCSR662KNY_1,ATAC-seq,Mus musculus,ENCFF761JHA,ENCFF181OVJ,paired,R1,R2,fastq,fastq,reads,/mouse-donors/ENCDO956IXV/,UBERON:0002028,hindbrain,tissue,,,,DNA,ATAC buffer,2017-10-10,ENCODE,chemical (Nextera tagmentation),200-750,1,1_1,50,,"Bing Ren, UCSD",SRA:SRR14305768,Illumina HiSeq 4000,released,"moderate TSS enrichment, moderate library complexity",,
ENCSR662KNY_2,ATAC-seq,Mus musculus,ENCFF213OUA,ENCFF709CLT,paired,R1,R2,fastq,fastq,reads,/mouse-donors/ENCDO956IXV/,UBERON:0002028,hindbrain,tissue,,,,DNA,ATAC buffer,2017-10-10,ENCODE,chemical (Nextera tagmentation),200-750,2,2_1,50,,"Bing Ren, UCSD",SRA:SRR14305767,Illumina HiSeq 4000,released,"moderate TSS enrichment, moderate library complexity",,
ENCSR668EIA_1,ATAC-seq,Mus musculus,ENCFF507MHY,ENCFF217WJG,paired,R1,R2,fastq,fastq,reads,/mouse-donors/ENCDO956IXV/,UBERON:0002048,lung,tissue,,,,DNA,ATAC buffer,2017-10-10,ENCODE,chemical (Nextera tagmentation),200-750,1,1_1,50,,"Bing Ren, UCSD",SRA:SRR14305786,Illumina HiSeq 4000,released,"low read depth, mild to moderate bottlenecking, moderate library complexity",,
ENCSR668EIA_2,ATAC-seq,Mus musculus,ENCFF159YPF,ENCFF940GZL,paired,R1,R2,fastq,fastq,reads,/mouse-donors/ENCDO956IXV/,UBERON:0002048,lung,tissue,,,,DNA,ATAC buffer,2017-10-10,ENCODE,chemical (Nextera tagmentation),200-750,2,2_1,50,,"Bing Ren, UCSD",SRA:SRR14305785,Illumina HiSeq 4000,released,"low read depth, mild to moderate bottlenecking, moderate library complexity",,
ENCSR690VOH_1,ATAC-seq,Mus musculus,ENCFF226GOU,ENCFF444RRA,paired,R1,R2,fastq,fastq,reads,/mouse-donors/ENCDO956IXV/,UBERON:0001049,neural tube,tissue,,,,DNA,ATAC buffer,2017-10-10,ENCODE,chemical (Nextera tagmentation),200-750,1,1_1,50,,"Bing Ren, UCSD",SRA:SRR14305888,Illumina HiSeq 4000,released,"moderate TSS enrichment, moderate library complexity","insufficient number of reproducible peaks, low FRiP score",
ENCSR690VOH_2,ATAC-seq,Mus musculus,ENCFF927BDD,ENCFF303PPN,paired,R1,R2,fastq,fastq,reads,/mouse-donors/ENCDO956IXV/,UBERON:0001049,neural tube,tissue,,,,DNA,ATAC buffer,2017-10-10,ENCODE,chemical (Nextera tagmentation),200-750,2,2_1,50,,"Bing Ren, UCSD",SRA:SRR14305887,Illumina HiSeq 4000,released,"moderate TSS enrichment, moderate library complexity","insufficient number of reproducible peaks, low FRiP score",
ENCSR700QBR_1,ATAC-seq,Mus musculus,ENCFF111RFS,ENCFF945IYI,paired,R1,R2,fastq,fastq,reads,/mouse-donors/ENCDO469XMJ/,UBERON:0001049,neural tube,tissue,,,,DNA,ATAC buffer,2017-10-10,ENCODE,chemical (Nextera tagmentation),200-750,1,1_1,50,,"Bing Ren, UCSD",SRA:SRR14305954,Illumina HiSeq 4000,released,"low read depth, moderate TSS enrichment, moderate number of reproducible peaks",low FRiP score,
ENCSR700QBR_2,ATAC-seq,Mus musculus,ENCFF726JSJ,ENCFF461GHH,paired,R1,R2,fastq,fastq,reads,/mouse-donors/ENCDO469XMJ/,UBERON:0001049,neural tube,tissue,,,,DNA,ATAC buffer,2017-10-10,ENCODE,chemical (Nextera tagmentation),200-750,2,2_1,50,,"Bing Ren, UCSD",SRA:SRR14305953,Illumina HiSeq 4000,released,"low read depth, moderate TSS enrichment, moderate number of reproducible peaks",low FRiP score,
ENCSR732OTZ_1,ATAC-seq,Mus musculus,ENCFF413HET,ENCFF021GRI,paired,R1,R2,fastq,fastq,reads,/mouse-donors/ENCDO956IXV/,UBERON:0002113,kidney,tissue,,,,DNA,ATAC buffer,2017-05-10,ENCODE,chemical (Nextera tagmentation),200-750,1,1_1,50,,"Bing Ren, UCSD",SRA:SRR14305462,Illumina HiSeq 4000,released,"borderline replicate concordance, moderate number of reproducible peaks","low TSS enrichment, low FRiP score",extremely low read depth
ENCSR732OTZ_2,ATAC-seq,Mus musculus,ENCFF573ZOR,ENCFF326PPN,paired,R1,R2,fastq,fastq,reads,/mouse-donors/ENCDO956IXV/,UBERON:0002113,kidney,tissue,,,,DNA,ATAC buffer,2017-05-10,ENCODE,chemical (Nextera tagmentation),200-750,2,2_1,50,,"Bing Ren, UCSD",SRA:SRR14305461,Illumina HiSeq 4000,released,"borderline replicate concordance, moderate number of reproducible peaks","low TSS enrichment, low FRiP score",extremely low read depth
ENCSR758IRM_1,ATAC-seq,Mus musculus,ENCFF958YUR,ENCFF504EBV,paired,R1,R2,fastq,fastq,reads,/mouse-donors/ENCDO469XMJ/,UBERON:0002113,kidney,tissue,,,,DNA,ATAC buffer,2017-10-10,ENCODE,chemical (Nextera tagmentation),200-750,1,1_1,50,,"Bing Ren, UCSD",SRA:SRR14306069,Illumina HiSeq 4000,released,"low read depth, moderate TSS enrichment, mild to moderate bottlenecking, moderate library complexity",low FRiP score,
ENCSR758IRM_2,ATAC-seq,Mus musculus,ENCFF802JNF,ENCFF576WIS,paired,R1,R2,fastq,fastq,reads,/mouse-donors/ENCDO469XMJ/,UBERON:0002113,kidney,tissue,,,,DNA,ATAC buffer,2017-10-10,ENCODE,chemical (Nextera tagmentation),200-750,2,2_1,50,,"Bing Ren, UCSD",SRA:SRR14306068,Illumina HiSeq 4000,released,"low read depth, moderate TSS enrichment, mild to moderate bottlenecking, moderate library complexity",low FRiP score,
ENCSR785NEL_1,ATAC-seq,Mus musculus,ENCFF288CVJ,ENCFF888ZZV,paired,R1,R2,fastq,fastq,reads,/mouse-donors/ENCDO956IXV/,UBERON:0002107,liver,tissue,,,,DNA,ATAC buffer,2017-05-10,ENCODE,chemical (Nextera tagmentation),200-750,1,1_1,50,,"Bing Ren, UCSD",SRA:SRR14306100,Illumina HiSeq 4000,released,"low read depth, moderate TSS enrichment, mild to moderate bottlenecking, moderate library complexity",,
ENCSR785NEL_2,ATAC-seq,Mus musculus,ENCFF883SEZ,ENCFF035OMK,paired,R1,R2,fastq,fastq,reads,/mouse-donors/ENCDO956IXV/,UBERON:0002107,liver,tissue,,,,DNA,ATAC buffer,2017-05-10,ENCODE,chemical (Nextera tagmentation),200-750,2,2_1,50,,"Bing Ren, UCSD",SRA:SRR14306099,Illumina HiSeq 4000,released,"low read depth, moderate TSS enrichment, mild to moderate bottlenecking, moderate library complexity",,
ENCSR798FDL_1,ATAC-seq,Mus musculus,ENCFF673MIM,ENCFF657XRO,paired,R1,R2,fastq,fastq,reads,/mouse-donors/ENCDO469XMJ/,UBERON:0002028,hindbrain,tissue,,,,DNA,ATAC buffer,2017-10-10,ENCODE,chemical (Nextera tagmentation),200-750,1,1_1,50,,"Bing Ren, UCSD",SRA:SRR14306156,Illumina HiSeq 4000,released,moderate TSS enrichment,"low TSS enrichment, low FRiP score",
ENCSR798FDL_2,ATAC-seq,Mus musculus,ENCFF868CEL,ENCFF266VLC,paired,R1,R2,fastq,fastq,reads,/mouse-donors/ENCDO469XMJ/,UBERON:0002028,hindbrain,tissue,,,,DNA,ATAC buffer,2017-10-10,ENCODE,chemical (Nextera tagmentation),200-750,2,2_1,50,,"Bing Ren, UCSD",SRA:SRR14306155,Illumina HiSeq 4000,released,moderate TSS enrichment,"low TSS enrichment, low FRiP score",
ENCSR810HQR_1,ATAC-seq,Mus musculus,ENCFF048MTG,ENCFF890LGM,paired,R1,R2,fastq,fastq,reads,/mouse-donors/ENCDO469XMJ/,UBERON:0001890,forebrain,tissue,,,,DNA,ATAC buffer,2017-05-10,ENCODE,chemical (Nextera tagmentation),200-750,1,1_1,50,,"Bing Ren, UCSD",SRA:SRR14305066,Illumina HiSeq 4000,released,"moderate TSS enrichment, moderate number of reproducible peaks, mild to moderate bottlenecking, moderate library complexity","low TSS enrichment, low FRiP score",
ENCSR810HQR_2,ATAC-seq,Mus musculus,ENCFF633MTW,ENCFF666DRJ,paired,R1,R2,fastq,fastq,reads,/mouse-donors/ENCDO469XMJ/,UBERON:0001890,forebrain,tissue,,,,DNA,ATAC buffer,2017-05-10,ENCODE,chemical (Nextera tagmentation),200-750,2,2_1,50,,"Bing Ren, UCSD",SRA:SRR14305067,Illumina HiSeq 4000,released,"moderate TSS enrichment, moderate number of reproducible peaks, mild to moderate bottlenecking, moderate library complexity","low TSS enrichment, low FRiP score",
ENCSR819QOJ_1,ATAC-seq,Mus musculus,ENCFF659NJR,ENCFF703JZE,paired,R1,R2,fastq,fastq,reads,/mouse-donors/ENCDO956IXV/,UBERON:0001891,midbrain,tissue,,,,DNA,ATAC buffer,2017-05-10,ENCODE,chemical (Nextera tagmentation),200-750,1,1_1,50,,"Bing Ren, UCSD",SRA:SRR14305191,Illumina HiSeq 4000,released,"moderate TSS enrichment, moderate number of reproducible peaks, mild to moderate bottlenecking, moderate library complexity",low FRiP score,
ENCSR819QOJ_2,ATAC-seq,Mus musculus,ENCFF667HBE,ENCFF574MEU,paired,R1,R2,fastq,fastq,reads,/mouse-donors/ENCDO956IXV/,UBERON:0001891,midbrain,tissue,,,,DNA,ATAC buffer,2017-05-10,ENCODE,chemical (Nextera tagmentation),200-750,2,2_1,50,,"Bing Ren, UCSD",SRA:SRR14305190,Illumina HiSeq 4000,released,"moderate TSS enrichment, moderate number of reproducible peaks, mild to moderate bottlenecking, moderate library complexity",low FRiP score,
ENCSR820ACB_1,ATAC-seq,Mus musculus,ENCFF279LMU,ENCFF820PVO,paired,R1,R2,fastq,fastq,reads,/mouse-donors/ENCDO956IXV/,UBERON:0000948,heart,tissue,,,,DNA,ATAC buffer,2017-10-10,ENCODE,chemical (Nextera tagmentation),200-750,1,1_1,50,,"Bing Ren, UCSD",SRA:SRR14305277,Illumina HiSeq 4000,released,"moderate TSS enrichment, moderate number of reproducible peaks, mild to moderate bottlenecking, moderate library complexity",low FRiP score,
ENCSR820ACB_2,ATAC-seq,Mus musculus,ENCFF823XXU,ENCFF518FYP,paired,R1,R2,fastq,fastq,reads,/mouse-donors/ENCDO956IXV/,UBERON:0000948,heart,tissue,,,,DNA,ATAC buffer,2017-10-10,ENCODE,chemical (Nextera tagmentation),200-750,2,2_1,50,,"Bing Ren, UCSD",SRA:SRR14305278,Illumina HiSeq 4000,released,"moderate TSS enrichment, moderate number of reproducible peaks, mild to moderate bottlenecking, moderate library complexity",low FRiP score,
ENCSR836PUC_1,ATAC-seq,Mus musculus,ENCFF776GDQ,ENCFF588XZG,paired,R1,R2,fastq,fastq,reads,/mouse-donors/ENCDO956IXV/,UBERON:0001890,forebrain,tissue,,,,DNA,ATAC buffer,2017-05-10,ENCODE,chemical (Nextera tagmentation),200-750,1,1_1,50,,"Bing Ren, UCSD",SRA:SRR14305471,Illumina HiSeq 4000,released,"mild to moderate bottlenecking, moderate library complexity",,
ENCSR836PUC_2,ATAC-seq,Mus musculus,ENCFF058IAE,ENCFF765HUX,paired,R1,R2,fastq,fastq,reads,/mouse-donors/ENCDO956IXV/,UBERON:0001890,forebrain,tissue,,,,DNA,ATAC buffer,2017-05-10,ENCODE,chemical (Nextera tagmentation),200-750,2,2_1,50,,"Bing Ren, UCSD",SRA:SRR14305470,Illumina HiSeq 4000,released,"mild to moderate bottlenecking, moderate library complexity",,
ENCSR876SYO_1,ATAC-seq,Mus musculus,ENCFF369BHN,ENCFF043JPE,paired,R1,R2,fastq,fastq,reads,/mouse-donors/ENCDO469XMJ/,UBERON:0012314,embryonic facial prominence,tissue,,,,DNA,ATAC buffer,2017-10-10,ENCODE,chemical (Nextera tagmentation),200-750,1,1_1,50,,"Bing Ren, UCSD",SRA:SRR14305484,Illumina HiSeq 4000,released,"moderate TSS enrichment, mild to moderate bottlenecking, moderate library complexity",,
ENCSR876SYO_2,ATAC-seq,Mus musculus,ENCFF185IWQ,ENCFF050LTK,paired,R1,R2,fastq,fastq,reads,/mouse-donors/ENCDO469XMJ/,UBERON:0012314,embryonic facial prominence,tissue,,,,DNA,ATAC buffer,2017-10-10,ENCODE,chemical (Nextera tagmentation),200-750,2,2_1,50,,"Bing Ren, UCSD",SRA:SRR14305485,Illumina HiSeq 4000,released,"moderate TSS enrichment, mild to moderate bottlenecking, moderate library complexity",,
ENCSR896XIN_1,ATAC-seq,Mus musculus,ENCFF508LJX,ENCFF103PCA,paired,R1,R2,fastq,fastq,reads,/mouse-donors/ENCDO956IXV/,UBERON:0002101,limb,tissue,,,,DNA,ATAC buffer,2017-10-10,ENCODE,chemical (Nextera tagmentation),200-750,1,1_1,50,,"Bing Ren, UCSD",SRA:SRR14305421,Illumina HiSeq 4000,released,moderate library complexity,"insufficient number of reproducible peaks, low TSS enrichment, low FRiP score",
ENCSR896XIN_2,ATAC-seq,Mus musculus,ENCFF732HZX,ENCFF506NVN,paired,R1,R2,fastq,fastq,reads,/mouse-donors/ENCDO956IXV/,UBERON:0002101,limb,tissue,,,,DNA,ATAC buffer,2017-10-10,ENCODE,chemical (Nextera tagmentation),200-750,2,2_1,50,,"Bing Ren, UCSD",SRA:SRR14305420,Illumina HiSeq 4000,released,moderate library complexity,"insufficient number of reproducible peaks, low TSS enrichment, low FRiP score",
ENCSR903GMO_1,ATAC-seq,Mus musculus,ENCFF401VUV,ENCFF898NRO,paired,R1,R2,fastq,fastq,reads,/mouse-donors/ENCDO956IXV/,UBERON:0001890,forebrain,tissue,,,,DNA,ATAC buffer,2017-05-10,ENCODE,chemical (Nextera tagmentation),200-750,1,1_1,50,,"Bing Ren, UCSD",SRA:SRR14305408,Illumina HiSeq 4000,released,"mild to moderate bottlenecking, moderate library complexity",,
ENCSR903GMO_2,ATAC-seq,Mus musculus,ENCFF721LGJ,ENCFF777UKE,paired,R1,R2,fastq,fastq,reads,/mouse-donors/ENCDO956IXV/,UBERON:0001890,forebrain,tissue,,,,DNA,ATAC buffer,2017-05-10,ENCODE,chemical (Nextera tagmentation),200-750,2,2_1,50,,"Bing Ren, UCSD",SRA:SRR14305409,Illumina HiSeq 4000,released,"mild to moderate bottlenecking, moderate library complexity",,
ENCSR961SMM_1,ATAC-seq,Mus musculus,ENCFF674OOP,ENCFF775MXU,paired,R1,R2,fastq,fastq,reads,/mouse-donors/ENCDO956IXV/,UBERON:0000160,intestine,tissue,,,,DNA,ATAC buffer,2017-05-10,ENCODE,chemical (Nextera tagmentation),200-750,1,1_1,50,,"Bing Ren, UCSD",SRA:SRR14305812,Illumina HiSeq 4000,released,"low read depth, moderate TSS enrichment, moderate number of reproducible peaks",,
ENCSR961SMM_2,ATAC-seq,Mus musculus,ENCFF867QVP,ENCFF771QNR,paired,R1,R2,fastq,fastq,reads,/mouse-donors/ENCDO956IXV/,UBERON:0000160,intestine,tissue,,,,DNA,ATAC buffer,2017-05-10,ENCODE,chemical (Nextera tagmentation),200-750,2,2_1,50,,"Bing Ren, UCSD",SRA:SRR14305811,Illumina HiSeq 4000,released,"low read depth, moderate TSS enrichment, moderate number of reproducible peaks",,
ENCSR966ORC_1,ATAC-seq,Mus musculus,ENCFF880CTO,ENCFF896RTV,paired,R1,R2,fastq,fastq,reads,/mouse-donors/ENCDO956IXV/,UBERON:0000160,intestine,tissue,,,,DNA,ATAC buffer,2017-05-10,ENCODE,chemical (Nextera tagmentation),200-750,1,1_1,50,,"Bing Ren, UCSD",SRA:SRR14305867,Illumina HiSeq 4000,released,"low read depth, moderate TSS enrichment, moderate number of reproducible peaks",low FRiP score,
ENCSR966ORC_2,ATAC-seq,Mus musculus,ENCFF278MAA,ENCFF898FIK,paired,R1,R2,fastq,fastq,reads,/mouse-donors/ENCDO956IXV/,UBERON:0000160,intestine,tissue,,,,DNA,ATAC buffer,2017-05-10,ENCODE,chemical (Nextera tagmentation),200-750,2,2_1,50,,"Bing Ren, UCSD",SRA:SRR14305866,Illumina HiSeq 4000,released,"low read depth, moderate TSS enrichment, moderate number of reproducible peaks",low FRiP score,
ENCSR976LWP_1,ATAC-seq,Mus musculus,ENCFF906VXU,ENCFF500SXI,paired,R1,R2,fastq,fastq,reads,/mouse-donors/ENCDO956IXV/,UBERON:0001890,forebrain,tissue,,,,DNA,ATAC buffer,2017-05-10,ENCODE,chemical (Nextera tagmentation),200-750,1,1_1,50,,"Bing Ren, UCSD",SRA:SRR14305886,Illumina HiSeq 4000,released,,,
ENCSR976LWP_2,ATAC-seq,Mus musculus,ENCFF248PXW,ENCFF825UHO,paired,R1,R2,fastq,fastq,reads,/mouse-donors/ENCDO956IXV/,UBERON:0001890,forebrain,tissue,,,,DNA,ATAC buffer,2017-05-10,ENCODE,chemical (Nextera tagmentation),200-750,2,2_1,50,,"Bing Ren, UCSD",SRA:SRR14305885,Illumina HiSeq 4000,released,,,
ENCSR983JWA_1,ATAC-seq,Mus musculus,ENCFF847BCI,ENCFF608AWT,paired,R1,R2,fastq,fastq,reads,/mouse-donors/ENCDO956IXV/,UBERON:0001049,neural tube,tissue,,,,DNA,ATAC buffer,2017-05-10,ENCODE,chemical (Nextera tagmentation),200-750,1,1_1,50,,"Bing Ren, UCSD",SRA:SRR14306067,Illumina HiSeq 4000,released,"moderate TSS enrichment, moderate library complexity",,
ENCSR983JWA_2,ATAC-seq,Mus musculus,ENCFF551SAG,ENCFF166QOA,paired,R1,R2,fastq,fastq,reads,/mouse-donors/ENCDO956IXV/,UBERON:0001049,neural tube,tissue,,,,DNA,ATAC buffer,2017-05-10,ENCODE,chemical (Nextera tagmentation),200-750,2,2_1,50,,"Bing Ren, UCSD",SRA:SRR14306066,Illumina HiSeq 4000,released,"moderate TSS enrichment, moderate library complexity",,
ENCSR064IHX_1,ATAC-seq,Mus musculus,ENCFF360YBL,,single,R1,,fastq,fastq,reads,/mouse-donors/ENCDO072AAA/,CL:0000050,megakaryocyte-erythroid progenitor cell,primary cell,,,,DNA,,2016-03-30,ENCODE,,,2,2_1,48,,"Bing Ren, UCSD",SRA:SRR14306111,Illumina HiSeq 4000,released,"moderate TSS enrichment, moderate library complexity",,
ENCSR064IHX_2,ATAC-seq,Mus musculus,ENCFF463PIR,,single,R1,,fastq,fastq,reads,/mouse-donors/ENCDO072AAA/,CL:0000050,megakaryocyte-erythroid progenitor cell,primary cell,,,,DNA,,2016-03-30,ENCODE,,,1,1_1,48,,"Bing Ren, UCSD",SRA:SRR14306112,Illumina HiSeq 4000,released,"moderate TSS enrichment, moderate library complexity",,
ENCSR064IHX_3,ATAC-seq,Mus musculus,ENCFF593JVB,,single,R1,,fastq,fastq,reads,/mouse-donors/ENCDO072AAA/,CL:0000050,megakaryocyte-erythroid progenitor cell,primary cell,,,,DNA,,2016-03-30,ENCODE,,,1,1_1,48,,"Bing Ren, UCSD",SRA:SRR14306145,Illumina HiSeq 4000,released,"moderate TSS enrichment, mild to moderate bottlenecking, moderate library complexity",,
ENCSR136XSY_1,ATAC-seq,Mus musculus,ENCFF194NYS,,single,R1,,fastq,fastq,reads,/mouse-donors/ENCDO072AAA/,CL:0000038,erythroid progenitor cell,primary cell,,,,DNA,,2016-03-30,ENCODE,,,2,2_1,48,,"Bing Ren, UCSD",SRA:SRR14306146,Illumina HiSeq 4000,released,"moderate TSS enrichment, mild to moderate bottlenecking, moderate library complexity",,
ENCSR136XSY_2,ATAC-seq,Mus musculus,ENCFF765DWT,,single,R1,,fastq,fastq,reads,/mouse-donors/ENCDO072AAA/,CL:0000038,erythroid progenitor cell,primary cell,,,,DNA,,2016-03-30,ENCODE,,,1,1_1,48,,"Bing Ren, UCSD",SRA:SRR14305366,Illumina HiSeq 4000,released,"moderate TSS enrichment, mild to moderate bottlenecking, moderate library complexity",low FRiP score,
ENCSR136XSY_3,ATAC-seq,Mus musculus,ENCFF834KZY,,single,R1,,fastq,fastq,reads,/mouse-donors/ENCDO072AAA/,CL:0000038,erythroid progenitor cell,primary cell,,,,DNA,,2016-03-30,ENCODE,,,1,1_1,48,,"Bing Ren, UCSD",SRA:SRR14305365,Illumina HiSeq 4000,released,"moderate TSS enrichment, mild to moderate bottlenecking, moderate library complexity",low FRiP score,
ENCSR229QKB_1,ATAC-seq,Mus musculus,ENCFF199CEQ,,single,R1,,fastq,fastq,reads,/mouse-donors/ENCDO072AAA/,CL:0000553,megakaryocyte progenitor cell,primary cell,,,,DNA,,2016-03-30,ENCODE,,,2,2_1,48,,"Ross Hardison, PennState",SRA:SRR14306134,Illumina HiSeq 2000,released,"moderate TSS enrichment, inconsistent platforms, mild to moderate bottlenecking",poor library complexity,
ENCSR229QKB_2,ATAC-seq,Mus musculus,ENCFF343AEN,,single,R1,,fastq,fastq,reads,/mouse-donors/ENCDO072AAA/,CL:0000553,megakaryocyte progenitor cell,primary cell,,,,DNA,,2016-03-30,ENCODE,,,1,1_1,48,,"Ross Hardison, PennState",SRA:SRR14305821,Illumina NextSeq 500,released,"moderate number of reproducible peaks, mild to moderate bottlenecking, inconsistent platforms","severe bottlenecking, poor library complexity, low TSS enrichment, low FRiP score",
ENCSR229QKB_3,ATAC-seq,Mus musculus,ENCFF551XEJ,,single,R1,,fastq,fastq,reads,/mouse-donors/ENCDO072AAA/,CL:0000553,megakaryocyte progenitor cell,primary cell,,,,DNA,,2016-03-30,ENCODE,,,1,1_1,48,,"Ross Hardison, PennState",SRA:SRR14306138,Illumina HiSeq 2000,released,"low read depth, mild to moderate bottlenecking, moderate number of reproducible peaks, moderate TSS enrichment, inconsistent platforms","insufficient read depth, severe bottlenecking, poor library complexity, low FRiP score",
ENCSR257PGU_1,ATAC-seq,Mus musculus,ENCFF133CWQ,,single,R1,,fastq,fastq,reads,/mouse-donors/ENCDO072AAA/,CL:0000557,granulocyte monocyte progenitor cell,primary cell,,,,DNA,,2016-03-30,ENCODE,,,1,1_1,48,,"Ross Hardison, PennState",SRA:SRR14305034,Illumina HiSeq 2000,released,"moderate TSS enrichment, inconsistent platforms, mild to moderate bottlenecking","severe bottlenecking, poor library complexity",
ENCSR257PGU_2,ATAC-seq,Mus musculus,ENCFF248WQE,,single,R1,,fastq,fastq,reads,/mouse-donors/ENCDO072AAA/,CL:0000557,granulocyte monocyte progenitor cell,primary cell,,,,DNA,,2016-03-30,ENCODE,,,2,2_1,48,,"Ross Hardison, PennState",SRA:SRR14305089,Illumina NextSeq 500,released,"mild to moderate bottlenecking, inconsistent platforms","severe bottlenecking, poor library complexity",
ENCSR257PGU_3,ATAC-seq,Mus musculus,ENCFF942VKT,,single,R1,,fastq,fastq,reads,/mouse-donors/ENCDO072AAA/,CL:0000557,granulocyte monocyte progenitor cell,primary cell,,,,DNA,,2016-03-30,ENCODE,,,1,1_1,48,,"Barbara Wold, Caltech",SRA:SRR14305274,Illumina HiSeq 2500,released,"mild to moderate bottlenecking, mixed read lengths, moderate library complexity","insufficient number of reproducible peaks, low TSS enrichment, low FRiP score",
ENCSR280ZDP_1,ATAC-seq,Mus musculus,ENCFF440YYI,,single,R1,,fastq,fastq,reads,/mouse-donors/ENCDO072AAA/,EFO:0002034,G1E,cell line,,,,DNA,,2016-03-30,ENCODE,,,1,1_1,50,,"Barbara Wold, Caltech",SRA:SRR14305835,Illumina HiSeq 2500,released,"mild to moderate bottlenecking, mixed read lengths, moderate library complexity",low TSS enrichment,
ENCSR280ZDP_2,ATAC-seq,Mus musculus,ENCFF698NQU,,single,R1,,fastq,fastq,reads,/mouse-donors/ENCDO072AAA/,EFO:0002034,G1E,cell line,,,,DNA,,2016-03-30,ENCODE,,,2,2_1,50,,"Ross Hardison, PennState",SRA:SRR14306135,Illumina HiSeq 2000,released,"moderate TSS enrichment, inconsistent platforms, mild to moderate bottlenecking",poor library complexity,
ENCSR351YUI_1,ATAC-seq,Mus musculus,ENCFF745DEJ,,single,R1,,fastq,fastq,reads,/mouse-donors/ENCDO072AAA/,CL:0000775,neutrophil,primary cell,,,,DNA,,2017-11-15,ENCODE,,"151-347, 151-379",2,2_1,48,,"Ross Hardison, PennState",SRA:SRR14305244,Illumina HiSeq 2000,released,"mild to moderate bottlenecking, inconsistent platforms","severe bottlenecking, poor library complexity, low TSS enrichment, low FRiP score",
ENCSR351YUI_2,ATAC-seq,Mus musculus,ENCFF947IIK,,single,R1,,fastq,fastq,reads,/mouse-donors/ENCDO072AAA/,CL:0000775,neutrophil,primary cell,,,,DNA,,2017-11-15,ENCODE,,"151-347, 151-379",1,1_1,48,,"Ross Hardison, PennState",SRA:SRR14305354,Illumina NextSeq 500,released,mild to moderate bottlenecking,"severe bottlenecking, insufficient number of reproducible peaks, poor library complexity, low TSS enrichment, low FRiP score",
ENCSR366VBB_1,ATAC-seq,Mus musculus,ENCFF184PAB,,single,R1,,fastq,fastq,reads,/mouse-donors/ENCDO072AAA/,CL:0000037,hematopoietic stem cell,primary cell,,,,DNA,,2017-11-15,ENCODE,,125-278,1,1_1,48,,"Barbara Wold, Caltech",SRA:SRR14305836,Illumina HiSeq 2500,released,"mild to moderate bottlenecking, mixed read lengths, moderate library complexity",low TSS enrichment,
ENCSR366VBB_2,ATAC-seq,Mus musculus,ENCFF204JEE,,single,R1,,fastq,fastq,reads,/mouse-donors/ENCDO072AAA/,CL:0000037,hematopoietic stem cell,primary cell,,,,DNA,,2017-11-15,ENCODE,,125-278,2,2_1,48,,"Ross Hardison, PennState",SRA:SRR14305122,Illumina HiSeq 2000,released,mild to moderate bottlenecking,"severe bottlenecking, poor library complexity, insufficient number of reproducible peaks, low FRiP score",extremely low read depth
ENCSR428BSK_1,ATAC-seq,Mus musculus,ENCFF455RDD,,single,R1,,fastq,fastq,reads,/mouse-donors/ENCDO072AAA/,EFO:0002055,G1E-ER4,cell line,17-estradiol,10 nM,24 hour,DNA,,2016-03-30,ENCODE,,,1,1_1,50,,"Ross Hardison, PennState",SRA:SRR14306062,Illumina HiSeq 2000,released,mild to moderate bottlenecking,"severe bottlenecking, poor library complexity, insufficient number of reproducible peaks, low FRiP score",extremely low read depth
ENCSR428BSK_2,ATAC-seq,Mus musculus,ENCFF583HWE,,single,R1,,fastq,fastq,reads,/mouse-donors/ENCDO072AAA/,EFO:0002055,G1E-ER4,cell line,17-estradiol,10 nM,24 hour,DNA,,2016-03-30,ENCODE,,,2,2_1,50,,"Ross Hardison, PennState",SRA:SRR14305242,Illumina HiSeq 2000,released,"mild to moderate bottlenecking, inconsistent platforms","severe bottlenecking, poor library complexity, low TSS enrichment, low FRiP score",
ENCSR453AWR_1,ATAC-seq,Mus musculus,ENCFF125NOO,,single,R1,,fastq,fastq,reads,/mouse-donors/ENCDO072AAA/,CL:0000037,hematopoietic stem cell,primary cell,,,,DNA,,2016-03-30,ENCODE,,,1,1_1,48,,"Barbara Wold, Caltech",SRA:SRR14305834,Illumina HiSeq 2500,released,"mild to moderate bottlenecking, mixed read lengths, moderate library complexity",low TSS enrichment,
ENCSR453AWR_2,ATAC-seq,Mus musculus,ENCFF217JOA,,single,R1,,fastq,fastq,reads,/mouse-donors/ENCDO072AAA/,CL:0000037,hematopoietic stem cell,primary cell,,,,DNA,,2016-03-30,ENCODE,,,2,2_1,48,,"Ross Hardison, PennState",SRA:SRR14305245,Illumina HiSeq 2000,released,"moderate TSS enrichment, moderate number of reproducible peaks, mild to moderate bottlenecking, inconsistent platforms","severe bottlenecking, poor library complexity, low FRiP score",
ENCSR453AWR_3,ATAC-seq,Mus musculus,ENCFF621CAV,,single,R1,,fastq,fastq,reads,/mouse-donors/ENCDO072AAA/,CL:0000037,hematopoietic stem cell,primary cell,,,,DNA,,2016-03-30,ENCODE,,,1,1_1,48,,"Ross Hardison, PennState",SRA:SRR14305355,Illumina NextSeq 500,released,mild to moderate bottlenecking,"severe bottlenecking, insufficient number of reproducible peaks, poor library complexity, low TSS enrichment, low FRiP score",
ENCSR498DQA_1,ATAC-seq,Mus musculus,ENCFF282XJX,,single,R1,,fastq,fastq,reads,/mouse-donors/ENCDO072AAA/,CL:0000556,megakaryocyte,primary cell,,,,DNA,,2016-03-30,ENCODE,,,2,2_1,48,,"Ross Hardison, PennState",SRA:SRR14306136,Illumina NextSeq 500,released,"moderate TSS enrichment, inconsistent platforms, mild to moderate bottlenecking",poor library complexity,
ENCSR498DQA_2,ATAC-seq,Mus musculus,ENCFF788TPW,,single,R1,,fastq,fastq,reads,/mouse-donors/ENCDO072AAA/,CL:0000556,megakaryocyte,primary cell,,,,DNA,,2016-03-30,ENCODE,,,2,2_1,48,,"Ross Hardison, PennState",SRA:SRR14306061,Illumina HiSeq 2000,released,mild to moderate bottlenecking,"severe bottlenecking, poor library complexity, insufficient number of reproducible peaks, low FRiP score",extremely low read depth
ENCSR498DQA_3,ATAC-seq,Mus musculus,ENCFF943WTV,,single,R1,,fastq,fastq,reads,/mouse-donors/ENCDO072AAA/,CL:0000556,megakaryocyte,primary cell,,,,DNA,,2016-03-30,ENCODE,,,1,1_1,48,,"Ross Hardison, PennState",SRA:SRR14305243,Illumina NextSeq 500,released,"mild to moderate bottlenecking, inconsistent platforms","severe bottlenecking, poor library complexity, low TSS enrichment, low FRiP score",
ENCSR554JQP_1,ATAC-seq,Mus musculus,ENCFF117BTA,,single,R1,,fastq,fastq,reads,/mouse-donors/ENCDO956IXV/,UBERON:0002037,cerebellum,tissue,,,,DNA,ATAC buffer,2017-10-09,ENCODE,chemical (Nextera tagmentation),,1,1_1,50,,"Barbara Wold, Caltech",SRA:SRR14305273,Illumina HiSeq 2500,released,"mild to moderate bottlenecking, mixed read lengths, moderate library complexity","insufficient number of reproducible peaks, low TSS enrichment, low FRiP score",
ENCSR554JQP_2,ATAC-seq,Mus musculus,ENCFF187TFB,,single,R1,,fastq,fastq,reads,/mouse-donors/ENCDO956IXV/,UBERON:0002037,cerebellum,tissue,,,,DNA,ATAC buffer,2017-10-09,ENCODE,chemical (Nextera tagmentation),,1,1_1,50,,"Ross Hardison, PennState",SRA:SRR14306139,Illumina HiSeq 2000,released,"low read depth, mild to moderate bottlenecking, moderate number of reproducible peaks, moderate TSS enrichment, inconsistent platforms","insufficient read depth, severe bottlenecking, poor library complexity, low FRiP score",
ENCSR554JQP_3,ATAC-seq,Mus musculus,ENCFF300LZD,,single,R1,,fastq,fastq,reads,/mouse-donors/ENCDO956IXV/,UBERON:0002037,cerebellum,tissue,,,,DNA,ATAC buffer,2017-10-09,ENCODE,chemical (Nextera tagmentation),,1,1_1,100,,"Ross Hardison, PennState",SRA:SRR14305246,Illumina HiSeq 2000,released,"moderate TSS enrichment, moderate number of reproducible peaks, mild to moderate bottlenecking, inconsistent platforms","severe bottlenecking, poor library complexity, low FRiP score",
ENCSR554JQP_4,ATAC-seq,Mus musculus,ENCFF606DRR,,single,R1,,fastq,fastq,reads,/mouse-donors/ENCDO956IXV/,UBERON:0002037,cerebellum,tissue,,,,DNA,ATAC buffer,2017-10-09,ENCODE,chemical (Nextera tagmentation),,1,1_1,100,,"Barbara Wold, Caltech",SRA:SRR14305837,Illumina HiSeq 2500,released,"mild to moderate bottlenecking, mixed read lengths, moderate library complexity",low TSS enrichment,
ENCSR554JQP_5,ATAC-seq,Mus musculus,ENCFF856AGF,,single,R1,,fastq,fastq,reads,/mouse-donors/ENCDO956IXV/,UBERON:0002037,cerebellum,tissue,,,,DNA,ATAC buffer,2017-10-09,ENCODE,chemical (Nextera tagmentation),,2,2_1,50,,"Ross Hardison, PennState",SRA:SRR14305374,Illumina HiSeq 2000,released,"low read depth, moderate TSS enrichment, inconsistent platforms, mild to moderate bottlenecking","severe bottlenecking, poor library complexity",
ENCSR554JQP_6,ATAC-seq,Mus musculus,ENCFF896HKX,,single,R1,,fastq,fastq,reads,/mouse-donors/ENCDO956IXV/,UBERON:0002037,cerebellum,tissue,,,,DNA,ATAC buffer,2017-10-09,ENCODE,chemical (Nextera tagmentation),,2,2_1,50,,"Ross Hardison, PennState",SRA:SRR14305121,Illumina HiSeq 2000,released,mild to moderate bottlenecking,"severe bottlenecking, poor library complexity, insufficient number of reproducible peaks, low FRiP score",extremely low read depth
ENCSR793RAV_1,ATAC-seq,Mus musculus,ENCFF535AXY,,single,R1,,fastq,fastq,reads,/mouse-donors/ENCDO072AAA/,CL:0000765,erythroblast,primary cell,,,,DNA,,2016-03-30,ENCODE,,,1,1_1,48,,"Ross Hardison, PennState",SRA:SRR14305375,Illumina NextSeq 500,released,"low read depth, moderate TSS enrichment, inconsistent platforms, mild to moderate bottlenecking","severe bottlenecking, poor library complexity",
ENCSR793RAV_2,ATAC-seq,Mus musculus,ENCFF637MAT,,single,R1,,fastq,fastq,reads,/mouse-donors/ENCDO072AAA/,CL:0000765,erythroblast,primary cell,,,,DNA,,2016-03-30,ENCODE,,,2,2_1,48,,"Barbara Wold, Caltech",SRA:SRR14305838,Illumina HiSeq 2500,released,"mild to moderate bottlenecking, mixed read lengths, moderate library complexity",low TSS enrichment,
ENCSR793RAV_3,ATAC-seq,Mus musculus,ENCFF971BVP,,single,R1,,fastq,fastq,reads,/mouse-donors/ENCDO072AAA/,CL:0000765,erythroblast,primary cell,,,,DNA,,2016-03-30,ENCODE,,,2,2_1,48,,"Ross Hardison, PennState",SRA:SRR14305730,Illumina NextSeq 500,released,"moderate TSS enrichment, mild to moderate bottlenecking","severe bottlenecking, poor library complexity, insufficient number of reproducible peaks, low FRiP score",extremely low read depth
ENCSR862JVD_1,ATAC-seq,Mus musculus,ENCFF432AIW,,single,R1,,fastq,fastq,reads,/mouse-donors/ENCDO072AAA/,CL:0000576,monocyte,primary cell,,,,DNA,,2017-11-15,ENCODE,,"156-312, 153-309",2,2_1,48,,"Ross Hardison, PennState",SRA:SRR14305376,Illumina HiSeq 2000,released,"low read depth, moderate TSS enrichment, inconsistent platforms, mild to moderate bottlenecking","severe bottlenecking, poor library complexity",
ENCSR862JVD_2,ATAC-seq,Mus musculus,ENCFF535OGL,,single,R1,,fastq,fastq,reads,/mouse-donors/ENCDO072AAA/,CL:0000576,monocyte,primary cell,,,,DNA,,2017-11-15,ENCODE,,"156-312, 153-309",1,1_1,48,,"Ross Hardison, PennState",SRA:SRR14305425,Illumina HiSeq 2000,released,"moderate number of reproducible peaks, moderate TSS enrichment, inconsistent platforms, mild to moderate bottlenecking","severe bottlenecking, poor library complexity, low FRiP score",
ENCSR889WQX_1,ATAC-seq,Mus musculus,ENCFF325FCQ,,single,R1,,fastq,fastq,reads,/mouse-donors/ENCDO956IXV/,UBERON:0001870,frontal cortex,tissue,,,,DNA,ATAC buffer,2017-06-21,ENCODE,chemical (Nextera tagmentation),,1,1_1,100,,"Ross Hardison, PennState",SRA:SRR14305088,Illumina HiSeq 2000,released,"mild to moderate bottlenecking, inconsistent platforms","severe bottlenecking, poor library complexity",
ENCSR889WQX_2,ATAC-seq,Mus musculus,ENCFF439VSY,,single,R1,,fastq,fastq,reads,/mouse-donors/ENCDO956IXV/,UBERON:0001870,frontal cortex,tissue,,,,DNA,ATAC buffer,2017-06-21,ENCODE,chemical (Nextera tagmentation),,1,1_1,50,,"Ross Hardison, PennState",SRA:SRR14305426,Illumina NextSeq 500,released,"moderate number of reproducible peaks, moderate TSS enrichment, inconsistent platforms, mild to moderate bottlenecking","severe bottlenecking, poor library complexity, low FRiP score",
ENCSR889WQX_3,ATAC-seq,Mus musculus,ENCFF463QCX,,single,R1,,fastq,fastq,reads,/mouse-donors/ENCDO956IXV/,UBERON:0001870,frontal cortex,tissue,,,,DNA,ATAC buffer,2017-06-21,ENCODE,chemical (Nextera tagmentation),,2,2_1,50,,"Barbara Wold, Caltech",SRA:SRR14305275,Illumina HiSeq 2500,released,"mild to moderate bottlenecking, mixed read lengths, moderate library complexity","insufficient number of reproducible peaks, low TSS enrichment, low FRiP score",
ENCSR889WQX_4,ATAC-seq,Mus musculus,ENCFF683IQS,,single,R1,,fastq,fastq,reads,/mouse-donors/ENCDO956IXV/,UBERON:0001870,frontal cortex,tissue,,,,DNA,ATAC buffer,2017-06-21,ENCODE,chemical (Nextera tagmentation),,1,1_1,50,,"Barbara Wold, Caltech",SRA:SRR14305276,Illumina HiSeq 2500,released,"mild to moderate bottlenecking, mixed read lengths, moderate library complexity","insufficient number of reproducible peaks, low TSS enrichment, low FRiP score",
ENCSR889WQX_5,ATAC-seq,Mus musculus,ENCFF744CHW,,single,R1,,fastq,fastq,reads,/mouse-donors/ENCDO956IXV/,UBERON:0001870,frontal cortex,tissue,,,,DNA,ATAC buffer,2017-06-21,ENCODE,chemical (Nextera tagmentation),,1,1_1,100,,"Ross Hardison, PennState",SRA:SRR14305033,Illumina NextSeq 500,released,"moderate TSS enrichment, inconsistent platforms, mild to moderate bottlenecking","severe bottlenecking, poor library complexity",
ENCSR889WQX_6,ATAC-seq,Mus musculus,ENCFF992TSA,,single,R1,,fastq,fastq,reads,/mouse-donors/ENCDO956IXV/,UBERON:0001870,frontal cortex,tissue,,,,DNA,ATAC buffer,2017-06-21,ENCODE,chemical (Nextera tagmentation),,2,2_1,50,,"Ross Hardison, PennState",SRA:SRR14305087,Illumina HiSeq 2000,released,"mild to moderate bottlenecking, inconsistent platforms","severe bottlenecking, poor library complexity",
ENCSR914PYX_1,ATAC-seq,Mus musculus,ENCFF692NRE,,single,R1,,fastq,fastq,reads,/mouse-donors/ENCDO072AAA/,CL:0000049,common myeloid progenitor,primary cell,,,,DNA,,2016-03-30,ENCODE,,,1,1_1,48,,"Ross Hardison, PennState",SRA:SRR14305731,Illumina NextSeq 500,released,"moderate TSS enrichment, mild to moderate bottlenecking","severe bottlenecking, poor library complexity, insufficient number of reproducible peaks, low FRiP score",extremely low read depth
ENCSR914PYX_2,ATAC-seq,Mus musculus,ENCFF731TRW,,single,R1,,fastq,fastq,reads,/mouse-donors/ENCDO072AAA/,CL:0000049,common myeloid progenitor,primary cell,,,,DNA,,2016-03-30,ENCODE,,,1,1_1,48,,"Ross Hardison, PennState",SRA:SRR14305247,Illumina NextSeq 500,released,"moderate TSS enrichment, moderate number of reproducible peaks, mild to moderate bottlenecking, inconsistent platforms","severe bottlenecking, poor library complexity, low FRiP score",
ENCSR914PYX_3,ATAC-seq,Mus musculus,ENCFF757AOM,,single,R1,,fastq,fastq,reads,/mouse-donors/ENCDO072AAA/,CL:0000049,common myeloid progenitor,primary cell,,,,DNA,,2016-03-30,ENCODE,,,2,2_1,48,,"Barbara Wold, Caltech",SRA:SRR14305833,Illumina HiSeq 2500,released,"mild to moderate bottlenecking, mixed read lengths, moderate library complexity",low TSS enrichment,
